<?xml version="1.0" encoding="UTF-8"?>
<project-private xmlns="http://www.netbeans.org/ns/project-private/1">
    <editor-bookmarks xmlns="http://www.netbeans.org/ns/editor-bookmarks/2" lastBookmarkId="0"/>
    <open-files xmlns="http://www.netbeans.org/ns/projectui-open-files/2">
        <group>
            <file>file:/C:/Users/Ferdiansah%20Sukarya/Downloads/Compressed/aplikasigudang1/aplikasigudang/src/model/Barang.java</file>
            <file>file:/C:/Users/Ferdiansah%20Sukarya/Downloads/Compressed/aplikasigudang1/aplikasigudang/src/model/DatabaseConnection.java</file>
            <file>file:/C:/Users/Ferdiansah%20Sukarya/Downloads/Compressed/aplikasigudang1/aplikasigudang/src/Controller/GudangController.java</file>
            <file>file:/C:/Users/Ferdiansah%20Sukarya/Downloads/Compressed/aplikasigudang1/aplikasigudang/src/model/Gudang.java</file>
        </group>
    </open-files>
</project-private>
